,City,Country,Lat,Lng,Max Temp,Humidity,Cloudiness,Wind Speed,Current Description
0,Codrington,AU,-38.2667,141.9667,64.08,83,96,13.04,light rain
1,East London,ZA,-33.0153,27.9116,63.64,83,84,13.13,broken clouds
2,Rikitea,PF,-23.1203,-134.9692,69.67,61,71,20.24,broken clouds
3,Cermik,TR,38.1361,39.4493,73.71,40,19,1.86,few clouds
4,Busselton,AU,-33.65,115.3333,56.55,72,92,14.12,overcast clouds
5,Saint Stephen,GB,50.3333,-4.9,55.67,76,20,8.05,few clouds
6,Puerto Ayora,EC,-0.7393,-90.3518,65.55,96,60,3.0,broken clouds
7,Ilulissat,GL,69.2167,-51.1,26.62,68,100,0.0,overcast clouds
8,Tipitapa,NI,12.1973,-86.0971,80.62,83,40,0.0,scattered clouds
9,Graaff-Reinet,ZA,-32.2522,24.5308,53.92,93,67,0.94,broken clouds
10,Brae,GB,60.3964,-1.353,48.87,83,46,29.37,light rain
11,Sao Filipe,CV,14.8961,-24.4956,78.06,86,48,13.18,scattered clouds
12,Cape Town,ZA,-33.9258,18.4232,61.38,78,40,6.91,scattered clouds
13,Yumen,CN,40.2833,97.2,55.31,32,0,3.94,clear sky
14,Yellowknife,CA,62.456,-114.3525,41.56,81,20,17.27,few clouds
15,Bluff,NZ,-46.6,168.3333,45.81,55,95,20.47,overcast clouds
16,Punta Arenas,CL,-53.15,-70.9167,39.31,81,0,9.22,clear sky
17,Caravelas,BR,-17.7125,-39.2481,72.55,92,52,5.77,broken clouds
18,Port Blair,IN,11.6667,92.75,81.64,77,100,10.49,overcast clouds
19,Handan,CN,36.6006,114.4678,56.97,58,100,9.15,overcast clouds
20,Aksu,CN,41.1231,80.2644,61.97,27,95,4.94,overcast clouds
21,Vaini,TO,-21.2,-175.2,80.76,89,75,3.44,broken clouds
22,Ushuaia,AR,-54.8,-68.3,38.86,87,40,10.36,scattered clouds
23,Esperance,AU,-33.8667,121.9,60.64,66,54,25.66,broken clouds
24,Port Alfred,ZA,-33.5906,26.891,60.19,91,68,5.01,broken clouds
25,Kapaa,US,22.0752,-159.319,80.58,74,20,12.66,few clouds
26,Jamestown,US,42.097,-79.2353,53.24,67,0,1.01,clear sky
27,Valvedditturai,LK,9.8167,80.1667,83.5,72,100,12.62,overcast clouds
28,Bredasdorp,ZA,-34.5322,20.0403,47.89,90,9,7.58,clear sky
29,Batagay-Alyta,RU,67.8006,130.4114,21.25,75,93,10.76,overcast clouds
30,Takestan,IR,36.0696,49.6959,64.53,36,0,6.85,clear sky
31,Carnarvon,AU,-24.8667,113.6333,69.78,39,0,23.13,clear sky
32,Luderitz,NA,-26.6481,15.1594,53.42,74,12,16.75,few clouds
33,Albany,US,42.6001,-73.9662,48.92,94,5,3.96,clear sky
34,Novikovo,RU,51.1537,37.8879,47.08,90,86,7.74,overcast clouds
35,Espanola,US,35.9911,-106.0806,52.65,84,87,0.72,overcast clouds
36,Mataura,NZ,-46.1927,168.8643,45.48,79,78,8.05,broken clouds
37,Leningradskiy,RU,69.3833,178.4167,27.07,90,97,5.79,overcast clouds
38,Torbay,CA,47.6666,-52.7314,48.76,92,40,12.66,scattered clouds
39,Mar Del Plata,AR,-38.0023,-57.5575,55.09,90,84,0.0,mist
40,Hermanus,ZA,-34.4187,19.2345,54.82,82,27,13.58,scattered clouds
41,Labuhan,ID,-6.8844,112.2051,84.99,65,86,5.7,moderate rain
42,Hilo,US,19.7297,-155.09,80.28,88,100,4.0,overcast clouds
43,Challans,FR,46.8436,-1.8749,50.92,88,41,6.62,scattered clouds
44,North Bend,US,43.4065,-124.2243,56.16,97,100,11.5,mist
45,Tuktoyaktuk,CA,69.4541,-133.0374,33.8,93,40,21.85,scattered clouds
46,New Norfolk,AU,-42.7826,147.0587,55.92,64,100,5.01,light rain
47,Tabas,IR,33.5959,56.9244,78.73,14,0,1.19,clear sky
48,Dunedin,NZ,-45.8742,170.5036,42.75,80,87,23.09,overcast clouds
49,The Valley,AI,18.217,-63.0578,82.26,74,7,20.02,clear sky
50,Saint George,US,37.1041,-113.5841,79.39,24,0,9.22,clear sky
51,Innisfail,AU,-17.5333,146.0333,77.86,80,97,8.32,overcast clouds
52,Hofn,IS,64.2539,-15.2082,41.85,56,57,11.52,broken clouds
53,South Lake Tahoe,US,38.9332,-119.9844,58.84,50,0,3.44,clear sky
54,Arraial Do Cabo,BR,-22.9661,-42.0278,68.92,85,100,10.47,overcast clouds
55,Cidreira,BR,-30.1811,-50.2056,63.61,85,100,22.06,overcast clouds
56,Kenosha,US,42.5667,-88.0501,61.23,73,0,3.44,clear sky
57,Katherine,AU,-14.4667,132.2667,97.12,30,40,12.66,scattered clouds
58,Chara,RU,56.9064,118.2631,28.78,60,96,3.74,overcast clouds
59,Kavieng,PG,-2.5744,150.7967,84.29,72,74,12.19,light rain
60,Uvira,CD,-3.4067,29.1458,69.93,57,98,3.71,overcast clouds
61,Ponta Do Sol,PT,32.6667,-17.1,70.43,83,29,4.83,scattered clouds
62,Inhambane,MZ,-23.865,35.3833,75.74,77,0,7.07,clear sky
63,Matveyevka,RU,52.15,56.1833,53.38,29,98,15.1,overcast clouds
64,Butaritari,KI,3.0707,172.7902,82.33,74,8,14.07,clear sky
65,Ahipara,NZ,-35.1667,173.1667,54.27,55,60,18.66,broken clouds
66,Kita,ML,13.0349,-9.4895,68.23,83,47,3.38,scattered clouds
67,Hasaki,JP,35.7333,140.8333,55.8,84,100,26.53,light rain
68,Vila Velha,BR,-20.3297,-40.2925,73.35,88,100,6.91,overcast clouds
69,Grand Gaube,MU,-20.0064,57.6608,75.6,67,7,11.99,clear sky
70,Mariental,NA,-24.6333,17.9667,65.52,19,1,7.14,clear sky
71,Chapais,CA,49.7834,-74.8492,58.78,96,97,8.08,moderate rain
72,Atuona,PF,-9.8,-139.0333,77.07,78,16,21.0,few clouds
73,Shelburne,CA,44.0787,-80.2041,57.65,65,97,7.36,overcast clouds
74,Araucaria,BR,-25.5931,-49.4103,61.45,95,100,7.67,overcast clouds
75,Fort Frances,CA,48.5999,-93.4003,50.05,74,20,5.75,few clouds
76,Sitka,US,57.0531,-135.33,55.29,100,100,3.44,light rain
77,Haines Junction,CA,60.7522,-137.5108,55.35,44,54,8.05,broken clouds
78,Vanimo,PG,-2.6741,141.3028,85.57,70,92,10.0,overcast clouds
79,Dasoguz,TM,41.8363,59.9666,55.35,28,0,9.22,clear sky
80,Sao Borja,BR,-28.6606,-56.0044,66.94,99,100,5.5,heavy intensity rain
81,Ratnagiri,IN,16.9833,73.3,81.19,78,99,7.0,overcast clouds
82,Hede,CN,33.7681,120.2517,58.14,74,100,3.85,moderate rain
83,Qaanaaq,GL,77.484,-69.3632,4.32,72,33,7.29,scattered clouds
84,Karratha,AU,-20.7377,116.8463,87.44,27,0,9.98,clear sky
85,Saint-Pierre,RE,-21.3393,55.4781,78.57,53,0,4.61,clear sky
86,Dikson,RU,73.5069,80.5464,32.85,98,100,15.64,overcast clouds
87,Khandyga,RU,62.6667,135.6,26.02,54,54,1.66,broken clouds
88,Hobart,AU,-42.8794,147.3294,56.26,75,75,20.71,broken clouds
89,Isangel,VU,-19.55,169.2667,80.71,78,75,9.22,broken clouds
90,Khatanga,RU,71.9667,102.5,15.28,96,100,6.13,overcast clouds
91,Lebu,CL,-37.6167,-73.65,50.49,95,100,13.8,light rain
92,Uray,RU,60.1247,64.7758,46.36,57,100,6.67,overcast clouds
93,Chokurdakh,RU,70.6333,147.9167,21.81,90,98,9.78,overcast clouds
94,Barghat,IN,22.0333,79.7167,79.12,82,70,10.98,broken clouds
95,Sorong,ID,-0.8833,131.25,83.57,72,64,4.88,broken clouds
96,Krasnyy Chikoy,RU,50.3643,108.7512,45.1,32,36,3.36,scattered clouds
97,Bangassou,CF,4.7413,22.8184,68.29,99,98,0.58,moderate rain
98,Sekoma,BW,-24.4,23.8833,71.55,35,0,16.53,clear sky
99,Hualmay,PE,-11.0964,-77.6139,60.06,83,20,9.73,few clouds
100,Scarborough,GB,54.2797,-0.4044,49.78,85,1,8.99,clear sky
101,Bambanglipuro,ID,-7.95,110.2833,81.46,72,99,13.56,overcast clouds
102,Sobolevo,RU,54.4299,31.8996,45.41,97,79,6.26,broken clouds
103,Marshall,US,34.3834,-86.3333,58.28,80,0,0.0,clear sky
104,Husavik,IS,66.0449,-17.3389,36.03,91,100,19.1,overcast clouds
105,San Sebastian,ES,43.3128,-1.975,64.24,83,100,2.3,overcast clouds
106,Severo-Kurilsk,RU,50.6789,156.125,46.8,63,20,14.03,few clouds
107,Cowra,AU,-33.8333,148.6833,64.11,79,95,10.07,overcast clouds
108,Makakilo City,US,21.3469,-158.0858,79.12,69,0,10.36,clear sky
109,Mount Gambier,AU,-37.8333,140.7667,60.71,100,75,9.22,heavy intensity rain
110,Krasnoselkup,RU,65.7,82.4667,35.19,78,100,4.21,overcast clouds
111,Barrow,US,71.2906,-156.7887,33.82,86,40,12.66,scattered clouds
112,Chuy,UY,-33.6971,-53.4616,58.51,84,100,11.27,overcast clouds
113,Port Lincoln,AU,-34.7333,135.8667,67.55,61,39,12.75,scattered clouds
114,Minab,IR,27.1467,57.0801,89.89,51,0,1.21,clear sky
115,Longyearbyen,SJ,78.2186,15.6401,39.04,81,75,13.8,broken clouds
116,Ostrovnoy,RU,68.0531,39.5131,45.48,83,76,20.56,broken clouds
117,Christchurch,NZ,-43.5333,172.6333,48.4,43,75,20.71,broken clouds
118,Salalah,OM,17.0151,54.0924,78.89,78,0,2.3,clear sky
119,Mantua,IT,45.1667,10.7833,58.15,90,68,2.33,broken clouds
120,Olenegorsk,RU,68.15,33.3,43.02,95,99,7.14,overcast clouds
121,Maarianhamina,AX,60.0973,19.9348,57.06,88,100,20.71,overcast clouds
122,Beringovskiy,RU,63.05,179.3167,39.67,59,38,28.16,scattered clouds
123,Fort Nelson,CA,58.8053,-122.7002,35.19,93,0,2.3,clear sky
124,Lorengau,PG,-2.0226,147.2712,85.73,69,53,12.12,broken clouds
125,Darnah,LY,32.767,22.6367,71.24,57,0,17.54,clear sky
126,Valparaiso,CL,-33.0393,-71.6273,55.47,100,0,4.61,clear sky
127,Faanui,PF,-16.4833,-151.75,78.08,75,7,25.23,clear sky
128,Pindi Bhattian,PK,31.8978,73.273,89.15,24,0,7.87,clear sky
129,Coronado,US,32.6859,-117.1831,70.99,90,100,6.91,mist
130,Atar,MR,20.5169,-13.0499,86.13,18,19,12.35,few clouds
131,Lulea,SE,65.5842,22.1547,51.87,100,75,13.8,light rain
132,Hithadhoo,MV,-0.6,73.0833,82.53,74,62,19.6,broken clouds
133,Tasiilaq,GL,65.6145,-37.6368,30.36,48,81,6.49,broken clouds
134,Kachug,RU,53.9606,105.8817,37.85,62,100,2.17,overcast clouds
135,Santiago Del Estero,AR,-27.7951,-64.2615,63.14,60,88,19.75,overcast clouds
136,Srednekolymsk,RU,67.45,153.6833,23.22,93,100,25.57,snow
137,George,ZA,-33.963,22.4617,53.15,87,100,5.75,overcast clouds
138,Lethbridge,CA,49.7,-112.8186,52.29,62,75,12.66,broken clouds
139,Sidney,AU,-33.8679,151.2073,64.47,92,75,11.5,heavy intensity rain
140,Tazovskiy,RU,67.4667,78.7,34.09,78,93,5.32,overcast clouds
141,Avarua,CK,-21.2078,-159.775,77.05,73,40,14.97,scattered clouds
142,Talaya,RU,61.3833,152.75,18.0,81,99,13.47,overcast clouds
143,Nouadhibou,MR,20.931,-17.0347,78.78,50,86,18.41,overcast clouds
144,Dandong,CN,40.1292,124.3947,56.53,36,99,11.3,overcast clouds
145,Thompson,CA,55.7435,-97.8558,28.56,80,100,8.05,overcast clouds
146,Teguldet,RU,57.3064,88.1667,34.36,96,100,5.48,overcast clouds
147,Turukhansk,RU,65.8167,87.9833,31.19,87,100,4.74,overcast clouds
148,Huilong,CN,31.8111,121.655,63.93,82,100,13.85,overcast clouds
149,Ulaangom,MN,49.9811,92.0667,47.14,32,91,5.37,overcast clouds
150,Norman Wells,CA,65.282,-126.8329,39.24,81,75,4.61,broken clouds
151,Talnakh,RU,69.4865,88.3972,31.21,95,100,5.06,overcast clouds
152,Port Hardy,CA,50.6996,-127.4199,59.18,88,20,3.44,few clouds
153,Ribeira Grande,PT,38.5167,-28.7,71.58,83,97,7.31,overcast clouds
154,Paamiut,GL,61.994,-49.6678,35.98,71,64,7.81,broken clouds
155,Castro,BR,-24.7911,-50.0119,57.85,98,100,6.98,moderate rain
156,Maragogi,BR,-9.0122,-35.2225,74.75,90,11,6.76,few clouds
157,Acapulco,MX,16.8634,-99.8901,80.42,78,40,3.44,scattered clouds
158,Saint-Philippe,RE,-21.3585,55.7679,74.79,68,35,13.76,scattered clouds
159,Nouakchott,MR,18.0858,-15.9785,83.08,64,81,3.36,broken clouds
160,Katsuura,JP,35.1333,140.3,55.42,88,100,26.04,overcast clouds
161,Provideniya,RU,64.3833,-173.3,42.15,85,100,30.09,light rain
162,Chlorakas,CY,34.8042,32.4083,61.68,59,20,12.66,few clouds
163,Aklavik,CA,68.2191,-135.0107,33.78,88,64,8.46,broken clouds
164,Kieta,PG,-6.2167,155.6333,84.34,62,81,7.87,broken clouds
165,Bosaso,SO,11.2842,49.1816,85.98,79,20,6.91,few clouds
166,Saint Paul,US,44.9444,-93.0933,61.34,87,0,0.0,clear sky
167,Vila Franca Do Campo,PT,37.7167,-25.4333,69.19,84,97,9.93,overcast clouds
168,Xining,CN,36.6167,101.7667,47.01,72,99,5.41,overcast clouds
169,Mocuba,MZ,-16.8392,36.9856,79.03,47,0,4.03,clear sky
170,Samana,DO,19.2056,-69.3369,78.73,86,67,7.0,broken clouds
171,Lompoc,US,34.6391,-120.4579,57.52,95,100,5.75,fog
172,Tommot,RU,58.9564,126.2925,32.04,92,100,11.65,light snow
173,Cabo San Lucas,MX,22.8909,-109.9124,82.51,65,50,3.0,scattered clouds
174,Ghanzi,BW,-21.5667,21.7833,72.39,21,0,9.44,clear sky
175,Clyde River,CA,70.4692,-68.5914,25.03,74,100,19.57,light snow
176,Ixtapa,MX,20.7,-105.2,79.83,89,75,0.0,broken clouds
177,Vao,NC,-22.6667,167.4833,70.97,62,95,15.32,overcast clouds
178,Byron Bay,AU,-28.65,153.6167,61.81,88,100,2.26,overcast clouds
179,San Policarpo,PH,12.1791,125.5072,83.66,79,49,7.16,scattered clouds
180,Port-Gentil,GA,-0.7193,8.7815,77.43,83,100,12.44,overcast clouds
181,Palmer,US,42.1584,-72.3287,58.77,86,100,1.99,overcast clouds
182,Pontes E Lacerda,BR,-15.2261,-59.3353,77.18,66,12,4.43,few clouds
183,Cayenne,GF,4.9333,-52.3333,73.44,100,0,0.0,clear sky
184,Kahului,US,20.8947,-156.47,82.42,77,40,13.8,scattered clouds
185,Jurado,CO,7.1053,-77.7641,75.61,91,98,0.94,light rain
186,Port Elizabeth,ZA,-33.918,25.5701,59.31,85,75,14.97,broken clouds
187,Avera,US,33.194,-82.5271,54.37,42,47,2.3,scattered clouds
188,Georgetown,MY,5.4112,100.3354,85.98,74,20,4.61,few clouds
189,Yerbogachen,RU,61.2767,108.0108,36.88,53,53,6.6,broken clouds
190,Loubomo,CG,-4.1997,12.6739,71.2,93,99,1.25,light rain
191,Burnie,AU,-41.0667,145.9167,52.95,91,100,15.3,overcast clouds
192,Shakawe,BW,-18.3667,21.85,72.82,24,3,7.07,clear sky
193,Bud,US,39.447,-86.1758,59.83,83,52,3.74,broken clouds
194,Zilair,RU,52.2332,57.4392,50.74,29,100,9.57,overcast clouds
195,Saint-Augustin,CA,51.226,-58.6502,50.99,89,86,8.75,overcast clouds
196,Torit,SS,4.4133,32.5678,71.94,87,49,1.66,scattered clouds
197,La Cruz,MX,23.9167,-106.9,76.48,87,16,6.2,few clouds
198,Narsaq,GL,60.9167,-46.05,35.82,92,44,5.59,scattered clouds
199,Asau,RO,46.4333,26.4,43.72,74,100,6.02,overcast clouds
200,Banon,ES,40.8382,-1.1909,60.06,94,0,6.91,clear sky
201,Rio Gallegos,AR,-51.6226,-69.2181,46.45,61,0,12.66,clear sky
202,Nyagan,RU,62.1406,65.3936,44.58,76,85,5.77,overcast clouds
203,Khani,GE,41.9563,42.9566,54.97,97,100,2.37,overcast clouds
204,Kailua,US,21.4022,-157.7394,80.58,75,31,10.18,scattered clouds
205,Ondangwa,NA,-17.9167,15.95,64.4,29,13,4.61,few clouds
206,Severnoye,RU,56.3491,78.3619,42.76,92,100,3.51,overcast clouds
207,Thayetmyo,MM,19.3167,95.1833,90.61,63,8,2.15,clear sky
208,Souillac,MU,-20.5167,57.5167,75.58,69,40,12.66,light rain
209,Port Augusta,AU,-32.5,137.7667,83.82,22,5,14.03,clear sky
210,Zhigansk,RU,66.7697,123.3711,26.13,72,89,27.6,overcast clouds
211,Bosobolo,CD,4.1833,19.9,70.83,91,100,3.11,light rain
212,Huarmey,PE,-10.0681,-78.1522,60.67,85,54,9.08,broken clouds
213,Sterling,US,39.0062,-77.4286,59.09,91,0,4.61,clear sky
214,Senador Pompeu,BR,-5.5881,-39.3717,74.89,82,8,6.13,clear sky
215,Mocajuba,BR,-2.5842,-49.5072,76.89,78,6,5.17,clear sky
216,Bontoc,PH,17.0899,120.978,84.94,55,83,2.98,broken clouds
217,Ancud,CL,-41.8697,-73.8203,45.45,82,54,7.11,broken clouds
218,Taseyevo,RU,57.2169,94.8978,35.46,96,100,7.45,light rain
219,Moyale,KE,3.5167,39.0584,67.14,78,56,13.44,light rain
220,Ngunguru,NZ,-35.6167,174.5,53.33,56,31,18.86,scattered clouds
221,Waddan,LY,29.1614,16.139,65.73,81,0,4.94,clear sky
222,Nikolayevsk-Na-Amure,RU,53.1406,140.73,38.88,54,92,11.7,overcast clouds
223,Pueblo Bello,CO,8.2041,-76.526,72.99,95,100,4.21,overcast clouds
224,Abha,SA,18.2164,42.5053,66.45,21,40,0.0,scattered clouds
225,Venice,US,27.0998,-82.4543,73.98,68,26,7.7,scattered clouds
226,Falmouth,GB,50.1544,-5.0711,55.98,76,40,6.91,scattered clouds
227,Aleksandro-Nevskiy,RU,53.4751,40.2095,44.44,91,97,9.46,overcast clouds
228,Cherskiy,RU,68.75,161.3,29.75,94,100,20.78,light snow
229,Okhotsk,RU,59.3833,143.3,34.34,41,100,11.12,overcast clouds
230,Viedma,AR,-40.8135,-62.9967,55.99,69,2,20.56,clear sky
231,Evensk,RU,61.95,159.2333,26.69,77,73,8.23,broken clouds
232,Yongan,CN,39.6957,113.6871,53.58,27,30,11.01,scattered clouds
233,Bathsheba,BB,13.2167,-59.5167,83.01,78,40,16.11,scattered clouds
234,Tuatapere,NZ,-46.1333,167.6833,45.57,66,95,12.84,overcast clouds
235,West Richland,US,46.3043,-119.3614,73.29,57,0,4.61,clear sky
236,Spornoye,RU,50.8448,37.2913,46.22,93,100,8.46,overcast clouds
237,Porto Velho,BR,-8.7619,-63.9039,77.05,94,0,2.3,clear sky
238,Bambous Virieux,MU,-20.3428,57.7575,76.21,69,40,12.66,light rain
239,Bethel,US,41.3712,-73.414,60.49,88,40,1.99,scattered clouds
240,Santa Rosa,PH,14.3122,121.1114,90.09,63,76,12.64,broken clouds
241,Touros,BR,-5.1989,-35.4608,75.24,88,6,9.01,clear sky
242,Kuna,US,43.4918,-116.4201,67.78,56,0,0.0,clear sky
243,Upernavik,GL,72.7868,-56.1549,18.54,88,95,6.04,overcast clouds
244,Alibag,IN,18.6411,72.8792,86.07,79,99,8.97,overcast clouds
245,Vrangel,RU,42.7297,133.0839,51.26,30,51,8.14,broken clouds
246,Amherst,US,41.3978,-82.2224,58.53,75,0,5.01,clear sky
247,Saskylakh,RU,71.9167,114.0833,15.03,93,79,11.27,broken clouds
248,Correntina,BR,-13.3433,-44.6367,82.33,34,71,6.22,broken clouds
249,Vestmannaeyjar,IS,63.4427,-20.2734,44.69,68,50,11.72,scattered clouds
250,Pangnirtung,CA,66.1451,-65.7125,30.45,92,100,2.75,light snow
251,Aberystwyth,GB,52.4155,-4.0829,55.71,81,3,19.06,clear sky
252,Velingara,SN,13.15,-14.1167,74.44,97,42,5.28,scattered clouds
253,Aykhal,RU,66.0,111.5,20.14,90,89,10.2,overcast clouds
254,Volnovakha,UA,47.601,37.4967,48.06,70,96,6.11,overcast clouds
255,Marsh Harbour,BS,26.5412,-77.0636,78.49,68,85,10.67,overcast clouds
256,Xiongyue,CN,40.1774,122.1228,56.39,40,38,9.06,scattered clouds
257,Victor Harbor,AU,-35.5667,138.6167,73.69,79,4,9.51,clear sky
258,Half Moon Bay,US,37.4636,-122.4286,67.03,88,100,13.8,mist
259,Puerto Escondido,MX,15.85,-97.0667,78.6,82,20,5.48,few clouds
260,Zutphen,NL,52.1383,6.2014,54.1,87,3,10.22,clear sky
261,Faya,SA,18.3851,42.4509,66.72,25,29,10.51,scattered clouds
262,Lagoa,PT,39.05,-27.9833,68.65,87,99,13.6,light rain
263,Nikolskoye,RU,59.7035,30.7861,51.69,96,100,9.4,overcast clouds
264,Kruisfontein,ZA,-34.0033,24.7314,50.88,84,24,6.44,few clouds
265,Griffith,US,41.5284,-87.4237,67.93,55,0,0.0,clear sky
266,Bantou,CN,26.2151,117.4893,87.96,50,99,4.03,overcast clouds
267,Machinga,MW,-15.1685,35.3,75.49,33,0,4.27,clear sky
268,Oksbol,DK,55.6268,8.2876,54.91,80,29,26.55,scattered clouds
269,Nantucket,US,41.2835,-70.0995,60.94,98,100,16.11,mist
270,Mahebourg,MU,-20.4081,57.7,76.24,69,40,12.66,scattered clouds
271,The Pas,CA,53.8251,-101.2541,35.62,60,100,10.36,overcast clouds
272,Bria,CF,6.5423,21.9863,68.23,98,100,2.42,moderate rain
273,Turayf,SA,31.6725,38.6637,70.05,46,0,11.5,clear sky
274,Namibe,AO,-15.1961,12.1522,61.61,90,67,4.88,broken clouds
275,Panama City,PA,8.9936,-79.5197,78.75,91,100,3.44,overcast clouds
276,Saint-Denis,FR,48.9167,2.3333,54.1,85,0,8.05,clear sky
277,Sao Joao Da Barra,BR,-21.6403,-41.0511,70.43,87,83,9.19,broken clouds
278,Uhlove,UA,44.8215,33.6045,53.02,63,83,5.53,broken clouds
279,Nanortalik,GL,60.1432,-45.2371,37.9,91,43,10.85,scattered clouds
280,Bilma,NE,18.6853,12.9164,82.2,28,62,14.54,broken clouds
281,Semiletka,RU,55.3603,54.6153,46.87,73,100,11.41,overcast clouds
282,Pacific Grove,US,36.6177,-121.9166,61.02,95,100,4.0,mist
283,Yamada,JP,39.4667,141.95,55.15,64,100,3.67,light rain
284,Salekhard,RU,66.53,66.6019,36.97,95,100,8.39,light rain
285,Marrakesh,MA,31.6315,-8.0083,66.27,59,3,3.44,clear sky
286,Sur,OM,22.5667,59.5289,88.21,46,0,0.96,clear sky
287,Bintulu,MY,3.1667,113.0333,86.41,79,20,8.05,few clouds
288,Omboue,GA,-1.5746,9.2618,75.0,90,92,5.68,overcast clouds
289,Natitingou,BJ,10.3042,1.3796,70.7,92,97,2.64,overcast clouds
290,Portales,US,34.1862,-103.3344,59.02,91,94,6.98,overcast clouds
291,Guerrero Negro,MX,27.9769,-114.0611,69.6,83,0,12.5,clear sky
292,Carutapera,BR,-1.195,-46.02,78.73,76,2,10.31,clear sky
293,Victoria,HK,22.2855,114.1577,90.97,66,36,8.99,scattered clouds
294,Wajid,SO,3.8093,43.2471,77.86,65,80,16.98,broken clouds
295,Baykit,RU,61.67,96.37,36.46,74,82,4.99,broken clouds
296,Amapa,BR,1.0,-52.0,69.46,98,39,2.01,scattered clouds
297,Taoudenni,ML,22.6783,-3.9836,89.13,15,52,6.49,broken clouds
298,Sisimiut,GL,66.9395,-53.6735,30.47,89,99,6.13,light snow
299,Arlit,NE,18.7369,7.3853,84.85,21,45,8.84,scattered clouds
300,Mackay,AU,-21.15,149.2,74.68,76,49,15.14,scattered clouds
301,Aneho,TG,6.2333,1.6,77.2,90,92,7.58,overcast clouds
302,Kavaratti,IN,10.5669,72.642,81.97,75,100,15.99,overcast clouds
303,Matara,LK,5.9485,80.5353,81.79,75,100,15.19,overcast clouds
304,Riyadh,SA,24.6877,46.7219,77.14,12,0,2.28,clear sky
305,Mareeba,AU,-17.0,145.4333,84.43,66,82,8.93,broken clouds
306,Bastia,FR,42.6667,9.3333,64.29,82,0,4.61,clear sky
307,Barranca,PE,-10.75,-77.7667,59.16,85,30,8.25,scattered clouds
308,Santa Maria,BR,-29.6842,-53.8069,59.94,98,100,7.34,light rain
309,Taldan,RU,53.6667,124.8,40.3,37,42,8.93,scattered clouds
310,Xuddur,SO,4.1213,43.8894,76.84,65,60,12.17,broken clouds
311,San Luis,AR,-33.295,-66.3356,46.89,86,94,3.58,overcast clouds
312,Fukue,JP,32.6881,128.8419,70.16,73,75,6.91,moderate rain
313,Chelno-Vershiny,RU,54.4333,51.1,50.04,82,89,12.39,overcast clouds
314,Fayaoue,NC,-20.65,166.5333,74.82,62,99,15.01,overcast clouds
315,Nerchinskiy Zavod,RU,51.3088,119.61,40.93,28,3,6.89,clear sky
316,Eureka,US,40.8021,-124.1637,59.67,86,76,1.01,broken clouds
317,Black River,JM,18.0264,-77.8487,77.85,88,47,6.06,scattered clouds
318,Ust-Kulom,RU,61.6864,53.6902,41.76,93,100,5.01,overcast clouds
319,Tocopilla,CL,-22.092,-70.1979,60.57,66,0,6.33,clear sky
320,Saint-Louis,SN,16.3333,-15.0,81.18,71,27,10.83,scattered clouds
321,Nelson Bay,AU,-32.7167,152.15,66.99,85,100,18.99,overcast clouds
322,San Patricio,US,28.017,-97.5169,78.69,66,6,6.33,clear sky
323,Hobyo,SO,5.3505,48.5268,79.93,76,31,15.93,scattered clouds
324,Laguna,US,38.421,-121.4238,77.14,62,0,3.44,clear sky
325,Cabedelo,BR,-6.9811,-34.8339,75.87,87,24,9.64,few clouds
326,Tilichiki,RU,60.4667,166.1,36.66,69,77,31.68,broken clouds
327,Ust-Nera,RU,64.5667,143.2,17.8,79,100,3.85,overcast clouds
328,Kodiak,US,57.79,-152.4072,53.11,82,100,8.05,overcast clouds
329,Los Llanos De Aridane,ES,28.6585,-17.9182,69.55,88,100,16.11,overcast clouds
330,Bremerton,US,47.5673,-122.6326,58.71,91,24,4.43,few clouds
331,Falakata,IN,26.5208,89.2055,78.76,87,97,2.53,overcast clouds
332,Perivolion,GR,39.4206,20.0147,56.75,54,10,6.33,clear sky
333,Pisco,PE,-13.7,-76.2167,59.05,82,100,2.3,smoke
334,Keelung,TW,25.1283,121.7419,82.11,88,100,13.65,overcast clouds
335,Livingston,GB,55.9029,-3.5226,51.89,83,75,25.32,moderate rain
336,Angoche,MZ,-16.2325,39.9086,77.16,69,0,5.88,clear sky
337,Alihe,CN,50.5667,123.7167,44.11,24,1,6.44,clear sky
338,Mancio Lima,BR,-7.6142,-72.8958,75.27,100,81,1.14,broken clouds
339,Tura,IN,25.5198,90.2201,81.28,77,42,4.94,scattered clouds
340,Bonavista,CA,48.6499,-53.1147,52.12,77,96,8.81,overcast clouds
341,Dingle,PH,10.9995,122.6711,86.83,69,66,10.8,broken clouds
342,Valley City,US,46.9233,-98.0032,48.72,87,100,23.02,overcast clouds
343,Sandwick,GB,60.0,-1.25,49.82,87,40,25.32,light rain
344,Saint Anthony,US,45.0205,-93.218,60.71,88,0,3.44,clear sky
345,Oistins,BB,13.0667,-59.5333,82.49,78,40,16.11,scattered clouds
346,Akureyri,IS,65.6835,-18.0878,35.15,93,98,7.18,overcast clouds
347,Bilibino,RU,68.0546,166.4372,25.63,96,100,4.7,snow
348,Coquimbo,CL,-29.9533,-71.3436,53.33,87,0,4.61,clear sky
349,Fortuna,US,40.5982,-124.1573,58.35,86,76,4.05,broken clouds
350,Kirakira,SB,-10.4544,161.9205,81.93,76,76,6.38,broken clouds
351,Hay River,CA,60.8156,-115.7999,42.78,70,20,11.5,few clouds
352,Porto Novo,BJ,6.4965,2.6036,78.62,92,57,5.01,light rain
353,Tessalit,ML,20.1986,1.0114,84.38,19,20,12.3,few clouds
354,Olinda,BR,-8.0089,-34.8553,78.53,78,40,5.75,scattered clouds
355,Pismo Beach,US,35.1428,-120.6413,73.08,96,16,2.33,few clouds
356,Tezu,IN,27.9167,96.1667,74.75,97,100,1.14,overcast clouds
357,Necochea,AR,-38.5473,-58.7368,52.92,87,100,1.52,overcast clouds
358,Tukrah,LY,32.5341,20.5791,70.57,62,0,13.87,clear sky
359,Nobres,BR,-14.7203,-56.3275,77.9,70,31,4.16,scattered clouds
360,Kingsland,US,30.8,-81.6898,65.91,79,55,2.24,broken clouds
361,Phek,IN,25.6667,94.5,70.48,74,77,1.86,broken clouds
362,Merauke,ID,-8.4667,140.3333,84.54,76,89,17.85,overcast clouds
363,Oktyabrskiy,RU,54.4815,53.471,45.91,86,100,7.52,overcast clouds
364,Xingyi,CN,24.1877,102.817,73.45,58,44,6.82,scattered clouds
365,Moerai,PF,-22.4333,-151.3333,72.61,69,61,19.51,broken clouds
366,Agadez,NE,19.75,10.25,77.2,28,5,11.74,clear sky
367,Razole,IN,16.4833,81.8333,76.8,96,100,3.94,overcast clouds
368,Lata,PT,40.1629,-8.3327,55.08,68,47,3.42,scattered clouds
369,Saldanha,ZA,-33.0117,17.9442,46.45,79,100,3.09,overcast clouds
370,Alofi,NU,-19.0595,-169.9187,80.49,74,91,10.36,overcast clouds
371,Nabire,ID,-3.3667,135.4833,84.9,69,46,4.74,moderate rain
372,Pokhara,NP,28.2333,83.9833,67.12,97,100,0.65,light rain
373,Verkhoyansk,RU,67.5447,133.385,26.29,78,100,10.33,overcast clouds
374,Wad Madani,SD,14.4012,33.5199,83.01,53,0,7.63,clear sky
375,Hami,CN,42.8,93.45,61.97,28,0,2.19,clear sky
376,Rafai,CF,4.95,23.9167,68.56,98,100,0.65,light rain
377,Porto Belo,BR,-27.1578,-48.5531,64.17,91,100,7.7,overcast clouds
378,Kaitangata,NZ,-46.2817,169.8464,42.98,78,76,15.39,broken clouds
379,Baran,IN,25.1,76.5167,78.73,79,99,6.87,overcast clouds
380,Ialibu,PG,-6.2821,143.9935,65.32,89,98,2.28,overcast clouds
381,Ewa Beach,US,21.3156,-158.0072,80.55,69,75,10.36,broken clouds
382,Paranavai,BR,-23.0731,-52.4653,69.33,87,60,12.24,broken clouds
383,Cam Ranh,VN,11.9214,109.1591,85.96,70,40,8.05,scattered clouds
384,Coahuayana,MX,18.7333,-103.6833,76.24,92,75,2.59,broken clouds
385,Gambela,ET,8.25,34.5833,71.58,90,58,3.62,broken clouds
386,Bubaque,GW,11.2833,-15.8333,81.18,82,52,6.89,light rain
387,Kamenka,RU,51.3223,42.7678,46.4,85,92,9.42,overcast clouds
388,Iki-Burul,RU,45.8208,44.6472,57.65,69,100,6.69,overcast clouds
389,San Ramon,US,37.7799,-121.978,71.38,69,0,5.75,clear sky
390,Cordoba,AR,-31.4135,-64.1811,53.76,93,0,2.3,light rain
391,Maniitsoq,GL,65.4167,-52.9,32.92,72,96,12.64,overcast clouds
392,Talara,PE,-4.5772,-81.2719,63.19,82,4,15.41,clear sky
393,Klaksvik,FO,62.2266,-6.589,47.32,79,89,21.74,overcast clouds
394,Wasilla,US,61.5814,-149.4394,58.35,71,100,8.05,overcast clouds
395,Orlik,RU,52.5178,99.825,35.96,37,81,12.62,broken clouds
396,Antalaha,MG,-14.9003,50.2788,74.32,74,9,9.15,light rain
397,Kadaya,RU,50.9327,119.2911,41.47,27,4,6.6,clear sky
398,Kalangala,UG,-0.3089,32.225,69.76,72,51,5.08,broken clouds
399,Usinsk,RU,65.9939,57.5281,40.89,96,100,11.88,overcast clouds
400,Vardo,NO,70.3705,31.1107,46.38,87,100,23.02,overcast clouds
401,Skelleftea,SE,64.7507,20.9528,48.99,100,75,8.05,light rain
402,Nsanje,MW,-16.92,35.262,79.14,55,0,3.4,clear sky
403,Port Macquarie,AU,-31.4333,152.9167,60.28,89,100,4.74,overcast clouds
404,Krasnouralsk,RU,58.3638,60.0407,42.75,89,100,7.27,light rain
405,Kawalu,ID,-7.3817,108.2082,77.58,85,97,4.32,overcast clouds
406,Birjand,IR,32.8663,59.2211,63.07,7,0,4.61,clear sky
407,Lavrentiya,RU,65.5833,-171.0,40.66,95,100,35.86,moderate rain
408,Rawatbhata,IN,24.9333,75.5833,78.6,78,98,7.18,overcast clouds
409,Havre-Saint-Pierre,CA,50.2334,-63.5986,50.36,87,100,3.44,overcast clouds
410,Flin Flon,CA,54.7682,-101.865,27.88,61,2,4.97,clear sky
411,La Crosse,US,43.8014,-91.2396,57.85,89,0,3.44,clear sky
412,Westport,US,41.1415,-73.3579,61.83,88,75,5.75,broken clouds
413,Staryy Nadym,RU,65.6118,72.6842,36.72,70,64,14.63,broken clouds
414,Mastic Beach,US,40.7668,-72.8521,61.77,96,100,3.44,overcast clouds
415,Iqaluit,CA,63.7506,-68.5145,31.73,100,100,12.66,light snow
416,Nelson,NZ,-41.2833,173.2833,49.95,32,96,8.1,overcast clouds
417,Santa Lucia,ES,27.9117,-15.5407,65.52,73,20,20.71,few clouds
418,Maine-Soroa,NE,13.2114,12.0241,83.23,53,100,4.05,overcast clouds
419,Jiayuguan,CN,39.8167,98.3,53.67,27,0,5.28,clear sky
420,Imeni Babushkina,RU,59.7573,43.1285,45.81,98,100,4.43,overcast clouds
421,Mombetsu,JP,44.3525,143.3525,51.82,62,75,8.05,broken clouds
422,Ugoofaaru,MV,5.6667,73.0,81.97,78,100,16.84,overcast clouds
423,Margate,GB,51.3813,1.3862,48.87,81,0,1.99,clear sky
424,Alekseyevsk,RU,57.8406,108.3492,37.98,50,98,5.44,overcast clouds
425,Ahuimanu,US,21.4447,-157.8378,80.31,73,75,10.36,broken clouds
426,Okoneshnikovo,RU,54.8377,75.0834,49.98,40,100,8.41,overcast clouds
427,Ginda,IN,30.6945,78.4932,70.95,56,2,5.26,clear sky
428,Kedougou,SN,12.5579,-12.1743,73.42,94,75,0.65,broken clouds
429,Port Hedland,AU,-20.3167,118.5667,86.05,48,7,13.8,clear sky
430,Alyangula,AU,-13.8483,136.4192,86.36,62,36,9.26,scattered clouds
431,Bagdarin,RU,54.4333,113.6,36.7,33,21,3.06,few clouds
432,Timbiqui,CO,2.7717,-77.6654,72.9,96,97,4.9,overcast clouds
433,Blyth,GB,55.1271,-1.5086,52.59,75,20,11.5,few clouds
434,Opuwo,NA,-18.0607,13.84,64.89,37,0,2.1,clear sky
435,Roald,NO,62.5833,6.1333,52.75,87,75,25.32,broken clouds
436,Okha,RU,53.5739,142.9478,38.55,61,98,20.2,light rain
437,Kirkwood,US,38.5834,-90.4068,67.28,60,86,1.01,overcast clouds
438,Yakeshi,CN,49.2833,120.7333,41.13,28,43,11.34,scattered clouds
439,Dourbali,TD,11.8091,15.8632,77.5,74,96,4.14,overcast clouds
440,Taltal,CL,-25.4,-70.4833,59.45,57,0,6.67,clear sky
441,Marsaxlokk,MT,35.8419,14.5431,67.08,82,20,2.3,few clouds
442,Eresos,GR,39.1667,25.9333,61.9,70,0,27.78,clear sky
443,Geraldton,AU,-28.7667,114.6,68.41,40,100,16.11,overcast clouds
444,Lima,PE,-12.0432,-77.0282,57.45,82,100,9.22,overcast clouds
445,Maamba,ZM,-17.3667,27.15,76.19,29,0,5.57,clear sky
446,Kiama,AU,-34.6833,150.8667,62.58,93,100,18.01,overcast clouds
447,Zalantun,CN,48.0,122.7167,47.53,25,31,8.48,scattered clouds
448,Toktogul,KG,41.8708,72.9402,61.81,26,4,1.07,clear sky
449,Vulcan,RO,45.3833,23.2667,46.58,46,100,2.53,overcast clouds
450,Tranas,SE,58.0372,14.9782,50.05,84,64,15.23,broken clouds
451,Islamkot,PK,24.6997,70.177,91.9,34,42,10.07,scattered clouds
452,Bengkulu,ID,-3.8004,102.2655,83.12,69,29,6.82,scattered clouds
453,Buala,SB,-8.145,159.5921,84.67,61,95,6.82,overcast clouds
454,Lakhnadon,IN,22.6,79.6,79.43,78,73,12.86,broken clouds
455,Pafos,CY,34.7667,32.4167,64.18,55,20,11.5,few clouds
456,Ambilobe,MG,-13.2,49.05,82.08,43,5,6.58,clear sky
457,Najran,SA,17.4924,44.1277,75.85,19,54,3.44,broken clouds
458,Jumla,NP,29.2747,82.1838,55.78,95,100,2.8,overcast clouds
459,Praia Da Vitoria,PT,38.7333,-27.0667,70.05,94,75,16.75,broken clouds
460,Olafsvik,IS,64.8945,-23.7142,43.57,66,98,8.5,overcast clouds
461,Kloulklubed,PW,7.0419,134.2556,86.5,70,18,6.22,few clouds
462,Pevek,RU,69.7008,170.3133,32.16,98,100,9.22,light snow
463,Kirksville,US,40.1948,-92.5833,56.05,93,0,0.0,clear sky
464,Kashi,CN,39.4547,75.9797,54.61,62,100,8.95,overcast clouds
465,Acajutla,SV,13.5928,-89.8275,78.06,80,100,4.7,overcast clouds
466,Purpe,RU,64.4803,76.6897,36.95,72,65,7.49,broken clouds
467,Sakakah,SA,29.9697,40.2064,78.37,17,0,7.63,clear sky
468,Verkhnevilyuysk,RU,63.4453,120.3167,30.02,77,100,9.46,overcast clouds
469,Roblin,CA,51.23,-101.3565,30.88,69,24,6.44,few clouds
470,Sankrail,IN,22.55,88.2,82.42,65,21,7.23,light rain
471,Sola,VU,-13.8833,167.55,80.89,74,23,12.59,few clouds
472,Mungaa,TZ,-4.9667,34.8833,61.57,69,98,11.79,overcast clouds
473,Sukhumi,GE,43.0033,41.0153,63.7,94,100,3.09,overcast clouds
474,Gawler,AU,-34.6,138.7333,76.96,57,4,12.3,clear sky
475,Remetea Mare,RO,45.7794,21.3761,46.51,98,0,5.99,clear sky
476,Nam Dinh,VN,20.4167,106.1667,85.26,70,44,8.34,scattered clouds
477,Anqing,CN,30.5092,117.0506,56.55,85,100,10.31,overcast clouds
478,Braunau,CZ,50.5857,16.3318,53.15,100,51,6.29,broken clouds
479,Chifeng,CN,42.2683,118.9636,53.58,14,65,3.98,broken clouds
480,Seoul,KR,37.5683,126.9778,67.6,60,75,4.61,broken clouds
481,Benicarlo,ES,40.4165,0.4271,65.25,81,35,7.7,scattered clouds
482,Grindavik,IS,63.8424,-22.4338,41.47,87,75,6.91,broken clouds
483,Nieuw Amsterdam,SR,5.8833,-55.0833,79.02,90,13,8.86,few clouds
484,Mana,GF,5.6592,-53.7767,77.77,88,5,10.45,clear sky
485,Osoyoos,CA,49.0331,-119.4524,59.76,77,88,0.0,overcast clouds
486,Te Anau,NZ,-45.4167,167.7167,42.08,83,89,4.38,overcast clouds
487,Pangody,RU,65.85,74.4859,36.55,74,53,11.52,broken clouds
488,Mehamn,NO,71.0357,27.8492,42.75,81,40,12.66,scattered clouds
489,Panorama,GR,40.5878,23.0315,57.9,66,43,5.99,scattered clouds
490,Muana,BR,-1.5283,-49.2167,77.95,79,24,8.12,few clouds
491,Pathein,MM,16.7833,94.7333,88.27,66,64,5.37,broken clouds
492,Poum,NC,-20.2333,164.0167,74.64,63,98,13.22,overcast clouds
493,Manokwari,ID,-0.8667,134.0833,84.27,67,68,7.02,light rain
494,Sanok,PL,49.5557,22.2056,50.43,100,73,12.35,broken clouds
495,Leshukonskoye,RU,64.8989,45.7622,44.29,96,100,4.5,overcast clouds
496,Puyang,CN,29.4603,119.8861,60.67,93,100,4.0,overcast clouds
497,Maslovare,BA,44.5656,17.5336,39.24,44,100,3.36,overcast clouds
498,Moose Factory,CA,51.2585,-80.6094,44.6,93,100,6.91,overcast clouds
499,Yar-Sale,RU,66.8333,70.8333,37.24,75,97,14.67,overcast clouds
500,Huntsville,US,34.7304,-86.5861,57.81,75,0,1.99,clear sky
501,Baijiantan,CN,45.6333,85.1833,62.29,19,0,3.2,clear sky
502,Altay,CN,47.8667,88.1167,48.09,32,21,4.97,few clouds
503,Hirara,JP,24.8,125.2833,85.86,74,75,17.27,broken clouds
504,Camacha,PT,33.0833,-16.3333,67.42,78,40,17.27,scattered clouds
505,Sabha,LY,27.0377,14.4283,66.88,68,0,11.95,clear sky
506,Biloela,AU,-24.4167,150.5,73.02,58,58,18.66,broken clouds
507,Lakeway,US,30.3638,-97.9796,75.92,51,0,4.61,clear sky
508,Saint-Leu,RE,-21.15,55.2833,77.95,95,62,1.63,broken clouds
509,Tarko-Sale,RU,64.9225,77.785,36.73,65,83,5.57,broken clouds
510,Jibuti,DJ,11.5,42.5,81.63,53,94,6.55,overcast clouds
511,Kasempa,ZM,-13.4584,25.8338,68.68,24,27,11.1,scattered clouds
512,Atambua,ID,-9.1061,124.8925,85.12,56,98,2.28,overcast clouds
513,Mildura,AU,-34.2,142.15,77.07,62,42,6.55,scattered clouds
514,Russell,US,32.3502,-85.1999,56.8,53,1,2.77,clear sky
515,Mitsamiouli,KM,-11.3847,43.2844,75.49,73,20,9.22,few clouds
516,Hoyerswerda,DE,51.4333,14.25,62.01,84,72,12.73,broken clouds
517,Yaan,NG,7.3833,8.5667,71.22,98,100,4.07,overcast clouds
518,Semirom,IR,31.4167,51.5667,62.56,21,0,2.62,clear sky
519,Nagato,JP,34.3833,131.2,68.68,70,99,1.5,overcast clouds
520,Dinar,TR,38.065,30.1656,49.96,81,0,6.13,clear sky
521,Yubari,JP,43.0378,141.9578,51.93,64,82,11.39,broken clouds
522,Meaford,CA,44.6001,-80.583,62.42,64,99,10.27,overcast clouds
523,San Quintin,MX,30.4833,-115.95,68.36,84,29,4.27,scattered clouds
524,Hays,US,30.0502,-98.0336,74.16,54,0,3.78,clear sky
525,San Cristobal,VE,7.7669,-72.225,69.98,96,100,3.27,overcast clouds
526,Coihaique,CL,-45.5752,-72.0662,44.55,65,40,5.75,scattered clouds
527,Togur,RU,58.3631,82.8265,40.23,66,71,6.49,broken clouds
528,Leek,NL,53.1625,6.3764,55.36,51,2,10.36,clear sky
529,Blagoyevo,RU,63.3667,47.9167,43.21,96,100,2.15,overcast clouds
530,Eydhafushi,MV,5.1033,73.0708,81.54,77,98,17.87,overcast clouds
531,Harlingen,US,26.1906,-97.6961,79.9,88,0,5.75,clear sky
532,Providencia,MX,28.7167,-111.5833,83.1,56,0,2.66,clear sky
533,College,US,64.8569,-147.8028,42.91,79,40,0.0,scattered clouds
534,Port Keats,AU,-14.25,129.55,87.94,58,85,9.95,overcast clouds
535,Tarabuco,BO,-19.1667,-64.9167,49.73,34,5,3.78,clear sky
536,Biak,ID,-0.9131,122.8766,83.93,68,90,3.33,overcast clouds
537,Beloha,MG,-25.1667,45.05,79.88,56,3,1.59,clear sky
538,Prince Rupert,CA,54.3161,-130.3201,56.89,95,0,5.75,clear sky
539,Flinders,AU,-34.5833,150.8552,62.38,91,100,4.0,light rain
540,Chumikan,RU,54.7183,135.315,40.41,42,88,20.24,overcast clouds
541,Ramshir,IR,30.8946,49.4092,76.86,9,4,0.56,clear sky
542,Hambantota,LK,6.1241,81.1185,89.94,62,40,13.8,scattered clouds
543,Yuli,NG,9.6989,10.2744,73.6,83,86,1.19,overcast clouds
544,Aldan,RU,58.6031,125.3894,27.09,95,100,14.47,snow
545,Smithers,CA,54.7804,-127.1743,53.92,82,100,5.75,overcast clouds
546,Impfondo,CG,1.6381,18.0667,70.65,98,100,1.25,overcast clouds
547,Dakoro,NE,14.5106,6.765,83.46,47,75,4.25,broken clouds
548,Hashtrud,IR,37.4779,47.0508,67.77,17,0,1.59,clear sky
549,Tocache,PE,-8.1842,-76.5125,69.51,98,91,0.49,overcast clouds
550,Mondeville,FR,49.175,-0.3224,58.15,87,0,8.05,clear sky
551,Myaundzha,RU,63.0494,147.1858,16.12,85,100,7.83,light snow
552,Mezen,RU,65.8522,44.24,44.65,95,100,6.38,overcast clouds
553,Chipinge,ZW,-20.1883,32.6236,72.61,40,0,3.18,clear sky
554,Berlevag,NO,70.8578,29.0864,44.4,81,100,14.97,overcast clouds
555,Port Lavaca,US,28.615,-96.6261,77.05,77,0,5.75,clear sky
556,Rorvik,NO,64.8621,11.2373,50.11,76,75,14.97,light rain
557,Severnyy,RU,50.677,36.5532,46.44,93,0,6.71,clear sky
558,Nizwa,OM,22.9333,57.5333,87.69,26,11,2.15,few clouds
559,Lakki Marwat,PK,32.6079,70.9114,89.33,22,0,5.64,clear sky
560,Wewak,PG,-3.5534,143.6268,84.4,73,66,6.76,broken clouds
561,Kemijarvi,FI,66.7131,27.4306,46.72,94,100,15.7,light rain
562,Salinas,US,36.6777,-121.6555,66.0,93,100,4.61,mist
563,Tautira,PF,-17.7333,-149.15,76.6,71,82,23.35,broken clouds
564,Yambio,SS,4.5721,28.3955,68.38,95,75,2.55,light rain
565,Sala,MA,34.0389,-6.8166,66.74,100,40,0.0,mist
566,Gadung,PH,6.8025,124.02,84.04,75,53,4.76,broken clouds
567,Yenagoa,NG,4.9247,6.2642,74.12,95,81,3.44,light rain
568,Novobirilyussy,RU,56.9514,90.6661,34.72,94,100,7.18,light snow
569,Moron,AR,-34.6534,-58.6198,62.96,91,98,6.08,light rain
570,Kutum,SD,14.2,24.6667,76.37,30,57,5.88,broken clouds
571,Ketchikan,US,55.3422,-131.6461,57.67,94,100,0.0,overcast clouds
572,Aguie,NE,13.506,7.7786,81.84,49,61,4.61,broken clouds
573,Lufilufi,WS,-13.8745,-171.5986,83.98,78,59,20.22,broken clouds
574,Dali,CN,25.7,100.1833,72.63,58,61,5.3,broken clouds
575,Mbandaka,CD,0.0487,18.2603,69.96,98,100,2.86,moderate rain
576,Ayan,RU,56.45,138.1667,38.46,45,77,17.13,broken clouds
577,Inirida,CO,3.8653,-67.9239,73.71,97,79,0.47,broken clouds
578,Fredericton,CA,45.9454,-66.6656,55.83,96,100,3.44,light rain
579,Quthing,LS,-30.4,27.7003,68.49,24,59,2.35,broken clouds
580,Camana,PE,-16.6228,-72.7111,58.89,85,27,11.99,scattered clouds
581,Samarai,PG,-10.6167,150.6667,82.8,77,65,10.07,broken clouds
582,Constitucion,CL,-35.3333,-72.4167,48.33,87,61,5.12,broken clouds
583,Aguia Branca,BR,-18.9831,-40.7403,70.84,93,79,4.12,broken clouds
584,Mersing,MY,2.4312,103.8405,84.11,84,40,4.61,scattered clouds
585,Bermejillo,MX,25.8833,-103.6167,69.04,64,48,11.61,scattered clouds
586,Skole,UA,49.0372,23.5135,44.38,90,94,7.83,overcast clouds
587,Emerald,AU,-23.5333,148.1667,81.34,47,51,9.15,broken clouds
588,Keetmanshoop,NA,-26.5833,18.1333,58.03,42,0,6.78,clear sky
589,Ouegoa,NC,-20.35,164.4333,75.4,59,98,7.34,overcast clouds
590,Greenwood,US,34.1668,-82.1165,56.01,87,0,0.0,clear sky
591,Velasco Ibarra,EC,-1.05,-79.6167,75.16,72,99,5.46,overcast clouds
592,Miri,MY,4.4148,114.0089,86.14,74,40,6.91,scattered clouds
593,Airai,TL,-8.9266,125.4092,75.27,53,98,2.98,overcast clouds
594,Meadow Lake,US,34.8014,-106.5436,54.88,94,100,7.38,overcast clouds
595,Mount Isa,AU,-20.7333,139.5,91.17,31,75,4.61,broken clouds
596,Broome,US,42.2506,-75.833,52.07,78,4,2.04,clear sky
597,Carbondale,US,37.7273,-89.2168,58.01,71,0,3.44,clear sky
598,Wamba,NG,8.9333,8.6,70.36,92,97,1.45,overcast clouds
599,Thunder Bay,CA,48.4001,-89.3168,53.58,87,100,6.91,overcast clouds
600,Roswell,US,34.0232,-84.3616,60.58,72,0,0.0,clear sky
601,Kampene,CD,-3.6,26.6667,68.27,94,99,2.37,overcast clouds
602,Muros,ES,42.7762,-9.0603,64.09,81,33,12.77,scattered clouds
603,Kokopo,PG,-4.352,152.2633,86.0,62,100,10.45,overcast clouds
604,Havelock,US,34.8791,-76.9013,60.93,92,0,3.27,clear sky
605,Ghotki,PK,28.006,69.3161,93.18,26,0,4.85,clear sky
606,Salinopolis,BR,-0.6136,-47.3561,79.7,77,5,12.03,clear sky
607,Bandarbeyla,SO,9.4942,50.8122,82.38,64,16,20.83,few clouds
608,Ikwiriri,TZ,-7.9562,38.9716,75.79,70,30,1.43,scattered clouds
609,Senekal,ZA,-28.3197,27.6208,68.22,42,3,5.5,clear sky
610,Obidos,BR,-1.9175,-55.5181,79.9,55,9,4.54,clear sky
611,Kushima,JP,31.4583,131.2333,76.24,69,86,6.87,overcast clouds
612,San Carlos De Bariloche,AR,-41.1456,-71.3082,41.02,81,75,29.93,broken clouds
613,Kununurra,AU,-15.7667,128.7333,96.78,38,63,8.05,broken clouds
614,Namatanai,PG,-3.6667,152.4333,85.14,68,91,10.98,light rain
615,Siniscola,IT,40.5719,9.6922,51.35,65,6,3.91,clear sky
616,Luancheng,CN,37.8792,114.6517,60.96,39,100,5.93,overcast clouds
617,Sorland,NO,67.667,12.6934,48.06,79,100,36.75,overcast clouds
618,Sidi Ali,DZ,36.0998,0.4206,66.47,68,38,2.57,scattered clouds
619,Neiafu,TO,-18.65,-173.9833,81.28,78,75,10.36,broken clouds
620,Anloga,GH,5.7947,0.8973,77.13,88,100,11.18,overcast clouds
621,Skegness,GB,53.1436,0.3363,48.27,78,0,19.57,clear sky
622,Korla,CN,41.7597,86.1469,62.91,23,33,7.74,scattered clouds
623,Cehegin,ES,38.0924,-1.7985,61.45,93,13,2.28,few clouds
624,Pyaozerskiy,RU,65.8333,31.1667,45.99,94,100,15.55,light rain
625,Zhangye,CN,38.9342,100.4517,57.4,23,5,6.64,clear sky
626,Stornoway,GB,58.2093,-6.3865,50.04,87,75,19.57,broken clouds
627,Sarangani,PH,5.4033,125.4636,83.37,75,41,17.11,scattered clouds
628,Rodrigues Alves,BR,-7.738,-72.6509,75.4,80,78,1.88,broken clouds
629,Tiksi,RU,71.6872,128.8694,24.58,87,100,15.66,light snow
630,Kahta,TR,37.7855,38.6237,70.97,44,0,1.61,clear sky
631,Putnam,US,36.1667,-85.65,56.35,92,0,0.0,clear sky
632,Antsohihy,MG,-14.8796,47.9875,80.22,44,0,8.23,clear sky
633,Banda Aceh,ID,5.5577,95.3222,82.63,72,94,13.22,overcast clouds
634,La Ronge,CA,55.1001,-105.2842,34.05,69,20,4.61,few clouds
635,Kardla,EE,58.9978,22.7492,57.18,82,100,11.5,overcast clouds
636,Villanueva De La Serena,ES,38.9766,-5.7974,67.17,43,0,4.56,clear sky
637,Ndele,CF,8.4109,20.6473,68.77,96,97,3.36,light rain
638,La Plata,AR,-34.9215,-57.9545,61.03,84,100,8.03,overcast clouds
639,Vostok,RU,46.4856,135.8833,39.47,36,80,13.31,broken clouds
640,Consett,GB,54.854,-1.8316,49.48,86,24,18.07,few clouds
641,Plettenberg Bay,ZA,-34.0527,23.3716,55.35,78,41,7.14,scattered clouds
642,Norrtalje,SE,59.758,18.705,58.01,83,92,15.35,overcast clouds
643,Qui Nhon,VN,13.7667,109.2333,82.36,80,92,7.36,light rain
644,Casablanca,MA,33.5928,-7.6192,66.22,78,0,1.61,clear sky
645,Koksovyy,RU,48.1967,40.5989,49.39,71,90,8.16,overcast clouds
646,Arkhangelsk,RU,64.5401,40.5433,46.51,100,100,4.47,overcast clouds
647,Lashio,MM,22.9333,97.75,82.04,63,51,2.84,broken clouds
648,Killybegs,IE,54.6333,-8.45,55.35,83,94,23.53,overcast clouds
649,Whitecourt,CA,54.1502,-115.6855,43.84,100,100,8.05,overcast clouds
650,Killam,CA,52.7834,-111.8518,46.35,66,100,5.75,overcast clouds
651,Klatovy,CZ,49.3955,13.2951,55.47,91,47,6.89,scattered clouds
652,Lengshuijiang,CN,27.6881,111.4294,54.59,75,100,4.97,overcast clouds
653,Bereda,ES,43.2686,-7.5406,59.41,100,100,7.14,overcast clouds
654,Henties Bay,NA,-22.116,14.2845,55.29,86,75,6.22,broken clouds
655,Puerto El Triunfo,SV,13.2833,-88.55,76.32,89,100,2.8,overcast clouds
656,Pinar Del Rio,CU,22.4175,-83.6981,70.03,88,12,3.15,few clouds
657,Ekhabi,RU,53.5102,142.9671,38.5,59,97,18.59,light rain
658,Ulladulla,AU,-35.35,150.4667,61.7,92,99,9.22,overcast clouds
659,Tiznit,MA,29.5833,-9.5,69.42,53,84,1.12,broken clouds
660,Goderich,CA,43.7501,-81.7165,60.91,77,100,3.44,overcast clouds
661,Ca Mau,VN,9.1769,105.15,77.97,90,100,5.66,overcast clouds
662,Victoria Falls,ZW,-17.9235,25.843,73.35,27,0,4.76,clear sky
663,Dudinka,RU,69.4058,86.1778,31.62,89,100,2.06,overcast clouds
664,Nadvoitsy,RU,63.8667,34.3167,46.18,87,100,15.88,overcast clouds
665,Moirang,IN,24.5,93.7667,80.65,58,58,1.28,broken clouds
666,Slonim,BY,53.0867,25.3219,45.73,91,33,7.67,scattered clouds
667,Haikou,CN,20.0458,110.3417,87.93,70,75,17.9,broken clouds
668,Svetlogorsk,BY,52.6333,29.7333,45.18,94,97,6.6,overcast clouds
669,Lethem,GY,3.3803,-59.7968,76.8,80,56,6.06,broken clouds
670,Alamosa,US,37.4695,-105.87,49.98,66,100,10.36,overcast clouds
671,Neman,RU,55.0311,22.0264,48.27,89,1,11.48,clear sky
672,Marau,BR,-28.4492,-52.2,61.5,88,100,5.77,moderate rain
673,Moba,CN,33.2288,105.0179,47.93,85,100,4.23,overcast clouds
674,Campos,BR,-21.75,-41.3,69.12,89,100,3.8,overcast clouds
675,Sioux Lookout,CA,50.1001,-91.917,42.87,87,100,17.27,overcast clouds
676,Kalabo,ZM,-14.97,22.6814,72.64,19,28,8.99,scattered clouds
677,Eyl,SO,7.9803,49.8164,80.94,66,61,17.29,broken clouds
678,Wuchang,CN,44.9143,127.15,49.95,31,13,10.2,few clouds
679,Santa Barbara,US,34.7333,-120.0343,73.35,94,0,6.91,clear sky
